Last Name,First Name,Job Title,Email
Smith,Amelia,Sales Representative,amelia.smith@business.net
Martin,Charlotte,Data Analyst,charlotte.martin@example.com
Jackson,Michael,Business Analyst,michael.jackson@mail.com
Martin,Chris,Graphic Designer,chris.martin@example.com
Harris,Olivia,Software Engineer,olivia.harris@business.net
Jackson,Amelia,Software Engineer,amelia.jackson@business.net
Lewis,Ava,Customer Support,ava.lewis@example.com
Lewis,Alex,HR Specialist,alex.lewis@business.net
Clark,Mia,Product Manager,mia.clark@mail.com
White,Andrew,Business Analyst,andrew.white@example.com
Taylor,Jane,Graphic Designer,jane.taylor@example.com
Garcia,James,HR Specialist,james.garcia@company.org
Jackson,David,Software Engineer,david.jackson@mail.com
Clark,Chris,Marketing Manager,chris.clark@example.com
Walker,Charlotte,Marketing Manager,charlotte.walker@business.net
Johnson,Emma,Graphic Designer,emma.johnson@business.net
Anderson,Mia,Customer Support,mia.anderson@business.net
Allen,David,Customer Support,david.allen@example.com
Clark,Daniel,Project Coordinator,daniel.clark@example.com
Brown,Daniel,Graphic Designer,daniel.brown@example.com
King,Alex,Business Analyst,alex.king@mail.com
Martin,Matthew,Data Analyst,matthew.martin@example.com
Smith,Sophia,Customer Support,sophia.smith@mail.com
Jackson,Amelia,Project Coordinator,amelia.jackson@business.net
Young,Chris,Software Engineer,chris.young@company.org
Garcia,David,Software Engineer,david.garcia@mail.com
Brown,Emma,Product Manager,emma.brown@mail.com
Smith,Charlotte,Product Manager,charlotte.smith@mail.com
Walker,Mia,HR Specialist,mia.walker@company.org
Johnson,Andrew,Product Manager,andrew.johnson@mail.com
Lewis,Amelia,Sales Representative,amelia.lewis@business.net
White,Alex,Marketing Manager,alex.white@business.net
Garcia,Jane,HR Specialist,jane.garcia@business.net
Wright,Matthew,Customer Support,matthew.wright@company.org
Anderson,Olivia,Sales Representative,olivia.anderson@company.org
Wright,Charlotte,Software Engineer,charlotte.wright@example.com
Hill,Charlotte,Graphic Designer,charlotte.hill@example.com
Anderson,Ava,Project Coordinator,ava.anderson@business.net
Scott,John,Sales Representative,john.scott@example.com
Hill,David,Customer Support,david.hill@example.com
Walker,Emma,Product Manager,emma.walker@company.org
Allen,Sophia,Product Manager,sophia.allen@business.net
Martin,Emily,Marketing Manager,emily.martin@example.com
King,Olivia,Business Analyst,olivia.king@company.org
Hill,Michael,Product Manager,michael.hill@example.com
Walker,Daniel,Product Manager,daniel.walker@business.net
Harris,Ava,Graphic Designer,ava.harris@business.net
Taylor,Charlotte,Software Engineer,charlotte.taylor@mail.com
White,Matthew,Sales Representative,matthew.white@mail.com
White,Matthew,Business Analyst,matthew.white@mail.com
Brown,Charlotte,Marketing Manager,charlotte.brown@mail.com
Jackson,Ava,Graphic Designer,ava.jackson@mail.com
Taylor,Michael,Marketing Manager,michael.taylor@business.net
Jackson,Emma,Business Analyst,emma.jackson@business.net
Walker,Ryan,Project Coordinator,ryan.walker@mail.com
Jackson,Amelia,Project Coordinator,amelia.jackson@company.org
Young,James,Customer Support,james.young@business.net
Brown,Chris,Business Analyst,chris.brown@business.net
Hill,Chris,Software Engineer,chris.hill@business.net
King,John,Sales Representative,john.king@company.org
Scott,James,Customer Support,james.scott@business.net
Walker,Chris,Marketing Manager,chris.walker@business.net
Garcia,Alex,HR Specialist,alex.garcia@mail.com
Martin,John,Data Analyst,john.martin@example.com
Garcia,Emma,Graphic Designer,emma.garcia@example.com
Wright,Mia,Product Manager,mia.wright@example.com
Garcia,Isabella,Software Engineer,isabella.garcia@mail.com
Harris,Matthew,Software Engineer,matthew.harris@business.net
Brown,Sophia,Software Engineer,sophia.brown@example.com
Scott,Daniel,Product Manager,daniel.scott@company.org
Allen,Michael,Sales Representative,michael.allen@business.net
Taylor,Matthew,Product Manager,matthew.taylor@company.org
Harris,Charlotte,HR Specialist,charlotte.harris@mail.com
Clark,Charlotte,Product Manager,charlotte.clark@business.net
Martin,Matthew,Product Manager,matthew.martin@example.com
Brown,Alex,Business Analyst,alex.brown@example.com
Wright,Alex,Marketing Manager,alex.wright@example.com
Scott,Isabella,Sales Representative,isabella.scott@mail.com
Walker,Jane,Software Engineer,jane.walker@example.com
White,Chris,Project Coordinator,chris.white@company.org
Martin,Alex,HR Specialist,alex.martin@example.com
White,Sophia,Graphic Designer,sophia.white@business.net
Anderson,Isabella,Sales Representative,isabella.anderson@business.net
Harris,Emily,Project Coordinator,emily.harris@example.com
Garcia,Amelia,Software Engineer,amelia.garcia@company.org
Hill,Sophia,Graphic Designer,sophia.hill@mail.com
Jackson,Emma,Project Coordinator,emma.jackson@business.net
King,Matthew,Data Analyst,matthew.king@business.net
Anderson,Amelia,Software Engineer,amelia.anderson@business.net
Jackson,David,Business Analyst,david.jackson@business.net
Jackson,Emma,Project Coordinator,emma.jackson@mail.com
Clark,Michael,Sales Representative,michael.clark@mail.com
Taylor,Emma,Data Analyst,emma.taylor@mail.com
Martin,Ava,Product Manager,ava.martin@company.org
Lewis,John,Sales Representative,john.lewis@business.net
Hill,Mia,Customer Support,mia.hill@example.com
Harris,Olivia,Customer Support,olivia.harris@mail.com
Jackson,Isabella,Customer Support,isabella.jackson@example.com
Wright,James,Graphic Designer,james.wright@company.org
Clark,Isabella,Customer Support,isabella.clark@mail.com
